"msID","msNameAirMo","msCode_PS","msOrt","msOrtsteil","msKT","spID","spXCoord","spYCoord","spHoehe","spBisDatum","scID","scVerkehrslage","scSiedlungsgroesse","scLagerelativSiedlung","scSpezialinfo","scIDBStandorttyp","scIDBStationstyp","scIDBBebauung","scIDBVerkehr","scBisDatum"
5,"Opf_Balsberg","8152_0010","Opfikon","Balsberg","ZH",436,2685351,1254830,430,,2025,"S32","H31","Randzonen","A2","Vorstädtisch","Verkehr","offen","&gt; 50&apos;000",
10,"Wal_Dietlikonerstrasse","8304_0010","Wallisellen","Dietlikonerstrasse","ZH",446,2688071,1252880,470,,2027,"S0","H21","Randzonen","A2","Vorstädtisch","Hintergrund","offen","&lt; 5&apos;000",
11,"Win_Obertor","8400_0010","Winterthur","Obertor","ZH",451,2697436,1261855,448,,2030,"S0","H23","Zentrum","A2","Städtisch","Hintergrund","geschlossen","&lt; 5&apos;000",
12,"8000_0010","8000_0010","Zürich","Kaserne","ZH",665,2682451,1247990,409,,2127,"S0","H33","Zentrum","A2","Städtisch","Hintergrund","geschlossen","&lt; 5&apos;000",
13,"Zch_Schimmelstrasse","8000_0031","Zürich","Schimmelstrasse","ZH",453,2681942,1247245,415,,2434,"S23","H33","Zentrum","A2","Städtisch","Verkehr","geschlossen","20&apos;000 - 50&apos;000",
14,"Zch_Stampfenbachstrasse","8000_0020","Zürich","Stampfenbachstrasse","ZH",455,2683146,1249020,445,,2435,"S0","H33","Zentrum","A2","Städtisch","Verkehr","einseitig offen","5&apos;000 - 20&apos;000",
15,"Zch_Schwamendingen","8000_0460","Zürich","Schwamendingen","ZH",454,2685101,1251305,430,,2279,"S33","H32","Wohngebiete","A2","Städtisch","Verkehr","geschlossen","&gt; 50&apos;000",
19,"8164_0010","8164_0010","Bachs","Gemeindehausstrasse 8","ZH",19,2675386,1264265,460,,1315,"S0","H0",,,,,,,
20,"Bac_Turm","8340_0010","Hinwil","Bachtel Turm","ZH",428,2709501,1239250,1145,,2021,"S00","H00","","A0","Ländlich","Hintergrund","keine","&lt; 5&apos;000",
21,"8906_0010","8906_0010","Bonstetten","Alte Stationsstrasse 6","ZH",21,2677829,1241048,542,,1825,"S0","H12","Wohngebiete","A2",,,,,
25,"8193_0010","8193_0010","Eglisau","Rheinstrasse","ZH",25,2681551,1270050,364,,1321,"S12","H13",,,,,,,
27,"8245_0010","8245_0010","Feuerthalen","Zürcherstrasse 21","ZH",27,2690441,1283235,405,,1688,"S12","H13","Zentrum",,,,,,
29,"8627_0010","8627_0010","Grüningen","Chugelgasse","ZH",29,2700158,1237937,488,,1325,"S0","H13",,,,,,,
30,"Hed_Affolternstrasse","8908_0010","Hedingen","Affolternstrasse 21","ZH",30,2676457,1238755,502,,1826,"S12","H12","Wohngebiete","A3",,,,,
31,"8442_0010","8442_0010","Hettlingen","Alte Schaffhauserstrasse","ZH",355,2695621,1267010,441,,1327,"S0","H13",,,,,,,
33,"8181_0010","8181_0010","Höri","Pflanzgarten","ZH",33,2679447,1262844,462,,1329,"S00","H00",,"A1",,,,,
34,"8308_0010","8308_0010","Illnau-Effretikon","Örmis","ZH",34,2695400,1251864,522,,1330,"S00","H00",,,,,,,
35,"8302_0010","8302_0010","Kloten","Wilder Mann","ZH",35,2686136,1256500,435,,1331,"S23","H23",,,,,,,
36,"8934_0010","8934_0010","Knonau","Uttenbergstrasse 1","ZH",36,2677521,1230803,431,,1827,"S0","H13","Zentrum","A2",,,,,
38,"8706_0010","8706_0010","Meilen","Justrain 62","ZH",38,2691951,1236090,450,,1334,"S0","H12",,"A1",,,,,
40,"8153_0010","8153_0010","Rümlang","Leuchtmast Nr 23","ZH",367,2682134,1256745,445,,1336,"S0","H11",,,,,,,
41,"8630_0010","8630_0010","Rüti","Rothensteinstrasse","ZH",41,2707961,1234980,512,,1337,"S0","H11",,"A1",,,,,
43,"8488_0010","8488_0010","Turbenthal","Lindenweg 1","ZH",43,2706353,1254882,551,,1339,"S0","H13",,,,,,,
46,"8610_0010","8610_0010","Uster","Stadthaus","ZH",46,2696738,1244952,464,,1342,"S0","H23",,,,,,,
48,"8820_0010","8820_0010","Wädenswil","Park","ZH",48,2693326,1231790,417,,1689,"S00","H13","Zentrum",,,,,,
49,"8907_0010","8907_0010","Wettswil","Golfplatz","ZH",49,2677210,1243041,543,,1824,"S21","H00",,"A3",,,,,
52,"8126_0010","8126_0010","Zumikon","Morgental 28","ZH",52,2689026,1243595,647,,1348,"S0","H12",,,,,,,
53,"8400_0020","8400_0020","Winterthur","Sägeweg","ZH",53,2699862,1260009,458,,1349,"S00","H21",,,,,,,
54,"8400_0030","8400_0030","Winterthur","Breitestrasse 148","ZH",54,2696487,1260734,463,,1350,"S12","H21",,,,,,,
55,"8400_0050","8400_0050","Winterthur","Güterstrasse 1","ZH",55,2695801,1260700,446,,1351,"S0","H21",,,,,,,
56,"8400_0060","8400_0060","Winterthur","Schlosstalstrasse","ZH",56,2694501,1261925,425,,1352,"S12","H21",,,,,,,
57,"8400_0070","8400_0070","Winterthur","Schulhaus Hohfurri","ZH",57,2694622,1262779,419,,1353,"S0","H21",,,,,,,
58,"8400_0080","8400_0080","Winterthur","Schulhaus Langwiesen","ZH",58,2694126,1263250,421,,1354,"S0","H21",,,,,,,
59,"8400_0090","8400_0090","Winterthur","Schulhaus Rychenberg","ZH",59,2698881,1262648,485,,1355,"S0","H21",,,,,,,
60,"8400_0100","8400_0100","Winterthur","Sulzerallee","ZH",60,2699747,1262149,460,,1356,"S11","H21",,,,,,,
61,"8400_0040","8400_0040","Winterthur","Technikumstrasse 79","ZH",61,2696973,1261613,447,,1357,"S23","H23",,,,,,,
62,"8000_0080","8000_0080","Zürich","Bellevue","ZH",62,2683576,1246775,410,,1358,"S22","H33","Zentrum",,,,,,
63,"8000_0300","8000_0300","Zürich","Birchstrasse 579","ZH",63,2683286,1253365,435,,1359,"S0","H32","Wohngebiete",,,,,,
64,"8000_0280","8000_0280","Zürich","Eichbühlstrasse 43","ZH",64,2680891,1248575,410,,1360,"S00","H32","Wohngebiete",,,,,,
65,"8000_0390","8000_0390","Zürich","Forchstrasse 145","ZH",65,2684961,1246140,440,,1361,"S12","H33","Zentrum",,,,,,
66,"8000_0400","8000_0400","Zürich","Franklinplatz","ZH",66,2683421,1251580,445,,1362,"S12","H32","Wohngebiete",,,,,,
67,"8000_0060","8000_0060","Zürich","Gerhardstrasse","ZH",67,2681916,1247180,415,,1363,"S0","H33","Zentrum",,,,,,
68,"8000_0370","8000_0370","Zürich","Schulhaus Hirzenbach","ZH",68,2686701,1250900,430,,1364,"S00","H31","Randzonen",,,,,,
69,"8000_0360","8000_0360","Zürich","In Böden 123","ZH",69,2680901,1252540,460,,1365,"S0","H32","Wohngebiete",,,,,,
70,"8000_0100","8000_0100","Zürich","Meientalstrasse","ZH",70,2678486,1248885,415,,1366,"S0","H31","Randzonen",,,,,,
71,"8000_0320","8000_0320","Zürich","Josefstrasse 175","ZH",71,2682051,1248830,405,,1367,"S00","H33","Zentrum",,,,,,
72,"8000_0070","8000_0070","Zürich","Paradeplatz","ZH",72,2683116,1247165,415,,1368,"S0","H33","Zentrum",,,,,,
73,"8000_0090","8000_0090","Zürich","Rosengarten","ZH",73,2682101,1249920,430,,1369,"S22","H33","Zentrum",,,,,,
74,"Zch_Heubeeribüel","8000_0270","Zürich","Heubeeribüel","ZH",452,2685126,1248460,610,,2436,"S00","H32","Wohngebiete","A2","Vorstädtisch","Hintergrund","offen","&lt; 5&apos;000",
76,"8000_0310","8000_0310","Zürich","Schulhaus Seefeld","ZH",76,2684361,1245800,415,,1372,"S0","H33","Zentrum",,,,,,
77,"8000_0350","8000_0350","Zürich","Schulhaus Vogtsrain","ZH",77,2680081,1251965,495,,1373,"S0","H32","Wohngebiete",,,,,,
78,"8000_0380","8000_0380","Zürich","Schweighofstrasse 367","ZH",78,2680341,1246660,450,,1374,"S12","H32","Wohngebiete",,,,,,
79,"8000_0110","8000_0110","Zürich","Wachtelstrasse","ZH",79,2682211,1244125,455,,1375,"S0","H32","Wohngebiete",,,,,,
80,"8000_0340","8000_0340","Zürich","Strandbad Mythenquai","ZH",80,2682801,1245500,410,,1376,"S00","H33","Zentrum",,,,,,
238,"Spr_Willenacher","8957_0010","Spreitenbach","Willenacher","ZH",238,2670581,1252800,,,1534,,,,,,,,,
239,"Die_Industriestrasse","8953_0010","Dietikon","Industriestrasse","ZH",239,2672291,1252360,,,1535,,,,,,,,,
385,"Wld_Höhenklinik","8340_0020","Wald","Höhenklinik","ZH",821,2713780,1237408,910,,2026,"S0","H0","","A1","Ländlich","Hintergrund","offen","&lt; 5&apos;000",
386,"8308_0020","8308_0020","Illnau-Effretikon","Langhaag","ZH",368,2693965,1254909,527,,1729,"S32","H0",,,,,,,
395,"Wet_Filderen","8907_0030","Wettswil","Filderen","ZH",448,2677330,1243853,528,,2028,"S21","H00","","A2","Ländlich","Hintergrund","offen","20&apos;000 - 50&apos;000",
396,"Wet_Weieraecher","8907_0040","Wettswil","Weieraecher","ZH",449,2678079,1243686,550,,2029,"S0","H11","Randzonen","A1","Ländlich","Hintergrund","einseitig offen","&lt; 5&apos;000",
401,"8400_0110","8400_0110","Winterthur","Polizeiposten Ohringen","ZH",398,2696211,1264320,460,,1721,"S11","H21","Randzonen","A2",,,,,
409,"8000_0790","8000_0790","Zürich","Rosengartenstrasse Einfahrt","ZH",406,2682093,1249943,430,,1727,"S23","H33","Zentrum",,,,,,
428,"8903_0100","8903_0100","Birmensdorf","Vorder Altenberg 187","ZH",503,2674342,1244554,520,,1962,"S11","H00",,"A1",,,,,
430,"8903_0040","8903_0040","Birmensdorf","Hochspannungsmast","ZH",497,2674846,1245610,468,,1958,"S0","H11",,"A3",,,,,
434,"8903_0060","8903_0060","Birmensdorf","Breitestrasse 13","ZH",499,2675447,1244925,476,,1959,"S0","H11",,"A3",,,,,
435,"8903_0080","8903_0080","Birmensdorf","Kreisel Arni-Aesch-Lieli","ZH",501,2675493,1244649,485,,1961,"S11","H11",,"A1",,,,,
436,"8910_0030","8910_0030","Affoltern a. A.","Heimpelstrasse","ZH",516,2675701,1236793,493,,1973,"S0","H0",,"A2",,,,,
437,"8903_0070","8903_0070","Birmensdorf","Riedtstrasse 14","ZH",500,2675827,1244852,495,,1960,"S0","H12",,"A3",,,,,
439,"8903_0030","8903_0030","Birmensdorf","Risistrasse 24b","ZH",496,2676007,1245899,529,,1957,"S12","H12",,"A1",,,,,
441,"8903_0020","8903_0020","Birmensdorf","Ringstrasse 8","ZH",495,2676768,1245919,560,,1956,"S12","H11",,"A1",,,,,
442,"8910_0020","8910_0020","Affoltern a. A.","Alte Dorfstrasse 21","ZH",858,2676819,1236905,489,,2327,"S13","H13","Zentrum","A2","Vorstädtisch","Verkehr","geschlossen","5&apos;000 - 20&apos;000",
443,"8932_0020","8932_0020","Mettmenstetten","Untere Bahnhofsstrasse 28","ZH",519,2677062,1233341,470,,1974,"S12","H11",,"A2",,,,,
444,"8903_0010","8903_0010","Birmensdorf","Schwandenweg","ZH",494,2677281,1245278,505,,1955,"S0","H0",,"A3",,,,,
445,"8906_0020","8906_0020","Bonstetten","Chrüzacherweg 2","ZH",512,2677434,1241118,535,,1970,"S11","H11",,"A3",,,,,
446,"8907_0050","8907_0050","Wettswil","Bahndamm","ZH",528,2677548,1243795,527,,1979,"S00","H00",,"A3",,,,,
448,"8907_0120","8907_0120","Wettswil","Heidenchilenstrasse 1","ZH",526,2677641,1244480,556,,1978,"S0","H11",,"A3",,,,,
450,"8934_0030","8934_0030","Knonau","Brücke","ZH",522,2677823,1230975,434,,1983,"S21","H11","Randzonen","A2",,,,,
451,"8907_0070","8907_0070","Wettswil","In der Rehweid","ZH",507,2677889,1244340,580,,1966,"S0","H11",,"A3",,,,,
452,"8907_0060","8907_0060","Wettswil","Rastbank","ZH",529,2677897,1243727,538,,1980,"S00","H00",,"A3",,,,,
454,"8142_0010","8142_0010","Uitikon","Zopfstrasse","ZH",504,2677921,1245655,614,,1963,"S0","H11",,"A1",,,,,
456,"8906_0030","8906_0030","Bonstetten","Schule im Bruggen","ZH",524,2678111,1241880,542,,1976,"S0","H12",,"A3",,,,,
458,"8907_0100","8907_0100","Wettswil","Poststrasse 1","ZH",510,2678205,1243622,560,,1982,"S12","H13","Zentrum","A3",,,,,
459,"8907_0080","8907_0080","Wettswil","Strumbergweg 17","ZH",508,2678296,1244043,608,,1967,"S00","H11",,"A3",,,,,
460,"8907_0090","8907_0090","Wettswil","Junggrüststrasse 12","ZH",509,2678729,1243018,631,,1968,"S0","H11",,"A1",,,,,
461,"8143_0010","8143_0010","Stallikon","Loomattstrasse 1","ZH",505,2679066,1243772,557,,1981,"S11","H11","Randzonen","A3",,,,,
462,"8143_0020","8143_0020","Stallikon","Chilegass","ZH",506,2679508,1242234,554,,1965,"S12","H11",,"A3",,,,,
463,"8910_0010","8910_0010","Affoltern a. A.","Sandacherstrasse 22","ZH",514,2674895,1238216,476,,1971,"S0","H0",,"A1",,,,,
464,"8907_0020","8907_0020","Wettswil","Eichholzkamin","ZH",525,2677695,1244650,584,,1977,"S00","H00",,"A1",,,,,
501,"Kno_Oberdorfstrasse","8934_0050","Knonau","Oberdorfstrasse","ZH",573,2677585,1230948,432,,2022,"S0","H12","Wohngebiete","A2",,,,,
544,"Opf_Tenniscenter","8152_0070","Opfikon","Tenniscenter","ZH",901,2685570,1253830,431,,2376,"S31","H21","Randzonen","A2","Vorstädtisch","Verkehr","offen","&gt; 50&apos;000",
557,"Wad_Spital","8340_0310","Wald","Spital","ZH",903,2711161,1237318,642,,2378,"S0","H11","Randzonen","A1","Ländlich","Hintergrund","offen","&lt; 5&apos;000",
562,"Zch_SchwamAlt","8000_0050","Zürich","Schwamendingen Schulhaus Saatlen","ZH",75,2684921,1251510,430,,1371,"S00","H32","Wohngebiete",,,,,,
563,"Zch_Rosengartenstrasse","8000_1720","Zürich","Rosengartenstrasse","ZH",578,2682096,1249940,433,,2437,"S33","H33","Zentrum","A2","Städtisch","Verkehr","geschlossen","&gt; 50&apos;000",
566,"Obf_Gugelrebenstrasse","8912_0050","Obfelden","Gugelrebenstrasse","ZH",582,2674772,1235944,474,,2024,"S0","H12","Wohngebiete","A1","Ländlich","Verkehr","einseitig offen","&lt; 5&apos;000",
603,"8000_0130","8000_0130","Zürich","Limmatquai 18","ZH",621,2683468,1247065,408,,2076,"S12","H33",,"A2",,,,,
616,"8000_0990","8000_0990","Zürich","Turbinenplatz","ZH",622,2681427,1249307,403,,2077,"S13","H33",,"A2",,,,,
617,"8104_0010","8104_0010","Weiningen","Chübelackerstrasse","ZH",616,2675801,1252310,426,,2071,"S12","H12",,"A2",,,,,
618,"8104_0020","8104_0020","Weiningen","Chalofenstrasse 9","ZH",615,2675936,1252300,439,,2070,"S12","H12",,"A2",,,,,
619,"8104_0030","8104_0030","Weiningen","Grossächerweg 4","ZH",617,2675485,1252195,411,,2072,"S12","H11",,"A2",,,,,
620,"8104_0040","8104_0040","Weiningen","Restaurant Winzerhaus","ZH",618,2674975,1252738,450,,2073,"S11","H11",,"A2",,,,,
622,"8105_0020","8105_0020","Regensdorf","Affolternstrasse 313","ZH",629,2678821,1253360,455,,2088,"S11","H0","","A2",,,,,
623,"8105_0030","8105_0030","Regensdorf","Im Vogelsang","ZH",607,2678821,1253360,445,,2062,"S11","H11",,"A2",,,,,
625,"8152_0020","8152_0020","Opfikon","Frohdörflistrasse","ZH",603,2684333,1253656,437,,2058,"S23","H13",,"A2",,,,,
626,"8152_0060","8152_0060","Opfikon","Kreisel Glatthof","ZH",604,2685161,1254405,426,,2059,"S23","H23",,"A2",,,,,
629,"8174_0010","8174_0010","Stadel","Grundstrasse","ZH",669,2677921,1265241,426,,2130,"S00","H00   ",,"A2    ","Ländlich","Hintergrund","keine","&lt; 5&apos;000",
632,"8194_0010","8194_0010","Hüntwangen","Steinacker","ZH",670,2678909,1271880,399,,2131,"S00","H0     ",,"A2    ","Ländlich","Hintergrund","keine","&lt; 5&apos;000",
702,"8308_0030","8308_0030","Illnau-Effretikon","Wildert","ZH",672,2696535,1250584,543,,2133,"S0","H00   ",,"A2    ","Ländlich","Hintergrund","keine","&lt; 5&apos;000",
715,"8400_0120","8400_0120","Winterthur","Bahnmeisterweg","ZH",620,2696628,1261540,437,,2075,"S13","H23",,"A2",,,,,
716,"8400_0130","8400_0130","Winterthur","Eishalle","ZH",652,2698710,1261365,450,,2111,"S11","H22","Wohngebiete","A2",,,,,
717,"8400_0140","8400_0140","Winterthur","Tenniscenter","ZH",661,2699619,1260950,453,,2120,"S11","H23","Zentrum","A2",,,,,
718,"8400_0150","8400_0150","Winterthur","Holzwingertstrasse","ZH",654,2700753,1261981,473,,2113,"S0","H21","Randzonen","A2",,,,,
719,"8400_0160","8400_0160","Winterthur","Schiessstand Ohrbühl","ZH",659,2699795,1261718,457,,2118,"S11","H23","Zentrum","A2",,,,,
720,"8400_0170","8400_0170","Winterthur","Landenbergstrasse","ZH",656,2698402,1262227,507,,2115,"S00","H21","Randzonen","A2",,,,,
721,"8400_0180","8400_0180","Winterthur","Sulzerallee 3","ZH",660,2699070,1261922,453,,2119,"S0","H23","Zentrum","A2",,,,,
722,"8400_0190","8400_0190","Winterthur","Ida-Sträuli-Strasse","ZH",655,2700037,1262190,457,,2114,"S0","H21","Randzonen","A2",,,,,
723,"8400_0200","8400_0200","Winterthur","Ohrbühlstrasse 93","ZH",657,2700203,1262318,460,,2116,"S0","H22","Wohngebiete","A2",,,,,
724,"8400_0210","8400_0210","Winterthur","Rümikerstrasse 16","ZH",658,2700086,1262418,460,,2117,"S0","H22","Wohngebiete","A2",,,,,
725,"8400_0220","8400_0220","Winterthur","Eulachpark","ZH",653,2699779,1262427,459,,2112,"S00","H21","Randzonen","A2",,,,,
726,"8400_0230","8400_0230","Winterthur","Werkhof Wülflingen","ZH",662,2695728,1261118,436,,2121,"S11","H23","Zentrum","A2",,,,,
727,"8400_0240","8400_0240","Winterthur","Bahnhof Neuhegi","ZH",651,2700257,1262102,460,,2110,"S0","H21","Randzonen","A2",,,,,
728,"8414_0010","8414_0010","Buch am Irchel","Tächlishalden","ZH",673,2689194,1268759,453,,2134,"S00","H00   ",,"A2    ","Ländlich","Hintergrund","keine","&lt; 5&apos;000",
733,"8463_0020","8463_0020","Benken","Dorfplatz","ZH",625,2691266,1278780,420,,2085,"S11","H11","Randzonen","A2",,,,,
734,"8477_0020","8477_0020","Oberstammheim","Ölenberg","ZH",674,2702813,1276463,459,,2135,"S0","H00   ",,"A1     ","Ländlich","Hintergrund","keine","&lt; 5&apos;000",
750,"8617_0010","8617_0010","Mönchaltdorf","Altorfwisen","ZH",676,2697610,1239954,445,,2137,"S00","H00   ",,"A2    ","Ländlich","Hintergrund","keine","&lt; 5&apos;000",
755,"8700_0010","8700_0010","Küsnacht","Küsnachter Berg","ZH",677,2690876,1241451,658,,2138,"S0","H0     ",,"A1     ","Ländlich","Hintergrund","keine","&lt; 5&apos;000",
773,"8824_0010","8824_0010","Schönenberg","Oberhüsli","ZH",678,2691695,1226810,730,,2139,"S0","H00   ",,"A1     ","Ländlich","Hintergrund","keine","&lt; 5&apos;000",
780,"8903_0050","8903_0050","Birmensdorf","Bachstrasse","ZH",592,2675438,1245168,482,,2047,"S13","H13",,"A2",,,,,
781,"8903_0090","8903_0090","Birmensdorf","Am Berg 193","ZH",591,2674830,1244774,504,,2046,"S11","H11",,"A2",,,,,
784,"8907_0110","8907_0110","Wettswil","Moosstrasse","ZH",619,2678118,1243249,538,,2074,"S12","H12",,"A2",,,,,
785,"8908_0020","8908_0020","Hedingen","Zentrum","ZH",595,2676390,1239097,510,,2050,"S13","H13",,"A2",,,,,
787,"8912_0010","8912_0010","Obfelden","Muristrasse 5","ZH",602,2675220,1235885,480,,2057,"S12","H11",,"A2",,,,,
788,"8912_0020","8912_0020","Obfelden","Ecke Schürweidstrasse 4","ZH",601,2674815,1236010,475,,2056,"S11","H11",,"A2",,,,,
789,"8912_0030","8912_0030","Obfelden","Dorfstrasse 63","ZH",600,2674465,1235108,440,,2055,"S12","H11",,"A2",,,,,
790,"8912_0040","8912_0040","Obfelden","Sennhüttenstrasse 18","ZH",628,2674703,1235967,470,,2087,"S12","H11","Randzonen","A2",,,,,
791,"8913_0010","8913_0010","Ottenbach","Widenospen 3","ZH",606,2673549,1236565,427,,2061,"S12","H11",,"A2",,,,,
792,"8913_0020","8913_0020","Ottenbach","Dorfplatz","ZH",623,2673064,1237168,415,,2060,"S13","H13",,"A2",,,,,
793,"8932_0010","8932_0010","Mettmenstetten","Sunneggstrasse 12","ZH",599,2675905,1234754,469,,2054,"S21","H0",,"A2",,,,,
794,"8932_0030","8932_0030","Mettmenstetten","Gemeindehaus","ZH",598,2677589,1233010,472,,2053,"S13","H13",,"A2",,,,,
795,"8926_0010","8926_0010","Kappel am Albis","Uerzlikon","ZH",679,2680067,1230326,527,,2140,"S00","H00   ",,"A2    ","Ländlich","Hintergrund","keine","&lt; 5&apos;000",
797,"8934_0020","8934_0020","Knonau","Chamstrasse 42","ZH",596,2677926,1230180,441,,2051,"S32","H11",,"A2",,,,,
798,"8934_0040","8934_0040","Knonau","Waldrand","ZH",597,2677911,1231319,456,,2052,"S11","H11",,"A2",,,,,
966,"Bac_Sennenberg","8340_0030","Bachtel","Sennenberg","ZH",590,2710341,1239600,930,,2045,"S00","H0     ",,"A1     ","Ländlich","Hintergrund","keine","&lt; 5&apos;000",
1061,"Sch_Güterstrasse","8952_0010","Schlieren","Güterstrasse","ZH",586,2676061,1250243,392,,2041,"S0","H12","Wohngebiete","A2","Vorstädtisch","Industrie","einseitig offen","&lt; 5&apos;000",
1063,"Wez_Turnhallenstrasse","8620_0020","Wetzikon","Turnhallenstrasse","ZH",588,2703076,1242612,544,,2040,"S0","H22","Wohngebiete","A2","Vorstädtisch","Hintergrund","einseitig offen","&lt; 5&apos;000",
1064,"Win_Veltheim","8400_0250","Winterthur","Veltheim","ZH",589,2696556,1262725,440,,2431,"S0","H22","Wohngebiete","A2","Vorstädtisch","Hintergrund","einseitig offen","&lt; 5&apos;000",
1069,"8913_0030","8913_0030","Ottenbach","Dorfplatz Lichtsignal","ZH",718,2673044,1237170,415,,2180,"S12","H13    ",,"A2    ",,,,,
1070,"8952_0020","8952_0020","Schlieren","Bernstrasse","ZH",717,2676203,1250677,392,,2179,"S21","H12    ",,"A2    ",,,,,
1071,"8952_0030","8952_0030","Schlieren","Mühleackerstrasse 13","ZH",716,2676056,1249768,405,,2178,"S0","H12    ",,"A2    ",,,,,
1072,"8952_0040","8952_0040","Schlieren","Sportanlage Zelgli","ZH",715,2675988,1251041,392,,2177,"S0","H11    ",,"A2    ",,,,,
1073,"8952_0050","8952_0050","Schlieren","Stadtpark","ZH",714,2676062,1250053,395,,2176,"S0","H13    ",,"A2    ",,,,,
1074,"8952_0060","8952_0060","Schlieren","Zürcherstrasse 4","ZH",713,2676227,1250109,395,,2175,"S22","H13    ",,"A2    ",,,,,
1075,"8620_0030","8620_0030","Wetzikon","Bahnhofstrasse","ZH",712,2702522,1241986,530,,2174,"S21","H23   ",,"A2    ",,,,,
1076,"8620_0040","8620_0040","Wetzikon","Hans Georg Nägelistrasse","ZH",711,2702408,1242324,551,,2173,"S0","H22",,"A2    ",,,,,
1077,"8620_0050","8620_0050","Wetzikon","Legionärsweg","ZH",710,2703898,1243206,562,,2172,"S11","H22   ",,"A2    ",,,,,
1078,"8620_0060","8620_0060","Wetzikon","Spitalstrasse","ZH",709,2702701,1241984,531,,2171,"S11","H22   ",,"A2    ",,,,,
1079,"8620_0070","8620_0070","Wetzikon","Stadthaus","ZH",708,2703018,1242737,545,,2170,"S12","H23   ",,"A2    ",,,,,
1082,"8308_0040","8308_0040","Illnau-Effretikon","Chrützegg","ZH",720,2696535,1251183,540,,2182,"S00","H00",,"A2","Ländlich","Hintergrund","keine","&lt; 5&apos;000",
1084,,,"Zürich-Kaserne","NABEL","ZH",723,2682450,1247990,409,,2185,,,,,,,,,
1087,,,"Dübendorf","NABEL","ZH",726,2688675,1250900,432,,2188,,,,,,,,,
1091,"Opf_Glattpark","8152_0120","Opfikon","Glattpark","ZH",732,2684665,1253012,426,,2193,"S0","H22","Wohngebiete","A2","Städtisch","Hintergrund","offen","&lt; 5&apos;000",
1096,"8152_0110","8152_0110","Opfikon","Boulevard Lilienthal 51","ZH",741,2684558,1252782,427,,2203,"S0","H22","Wohngebiete","A2","Städtisch","Hintergrund","einseitig offen","5&apos;000 - 20&apos;000",
1097,"8152_0100","8152_0100","Opfikon","Dufauxstrasse 54","ZH",740,2684759,1252838,425,,2202,"S0","H22","Wohngebiete","A2","Städtisch","Hintergrund","geschlossen","&lt; 5&apos;000",
1098,"8152_0080","8152_0080","Opfikon","Earhart-Strasse 5","ZH",739,2684950,1253189,425,,2201,"S0","H22","Wohngebiete","A2","Städtisch","Hintergrund","einseitig offen","5&apos;000 - 20&apos;000",
1099,"8152_0090","8152_0090","Opfikon","Hamilton-Promenade","ZH",738,2684972,1253005,424,,2200,"S0","H22","Wohngebiete","A2","Städtisch","Hintergrund","einseitig offen","&lt; 5&apos;000",
1104,"Wei_Nägelseestrasse","8104_0050","Weiningen","Nägelseestrasse","ZH",747,2675817,1252111,418,,2207,"S31","H11","Randzonen","A2","Vorstädtisch","Verkehr","einseitig offen","&lt; 5&apos;000",
1107,"Hor_Sekundarschule","8810_0030","Horgen","Sekundarschule","ZH",748,2687799,1234471,477,,2210,"S0","H13","Zentrum","A1","Städtisch","Hintergrund","offen","&lt; 5&apos;000",
1108,"Win_St.Gallerstrasse","8400_0270","Winterthur","St. Gallerstrasse","ZH",749,2697547,1261627,444,,2211,"S22","H23","Zentrum","A2","Städtisch","Verkehr","einseitig offen","20&apos;000 - 50&apos;000",
1109,"8103_0030","8103_0030","Unterengstringen","Büelstrasse","ZH",750,2675888,1251928,430,,2212,"S0","H11","Randzonen","A2",,,,,
1110,"8103_0020","8103_0020","Unterengstringen","Chriesihogerweg","ZH",751,2675630,1252016,420,,2213,"S31","H11","Randzonen","A2",,,,,
1112,"8134_0030","8134_0030","Adliswil","Dietlimoos","ZH",758,2682502,1241706,469,,2218,"S11","H11","Randzonen","A2","Vorstädtisch","Verkehr","offen","5&apos;000 - 20&apos;000",
1114,"8810_0060","8810_0060","Horgen","Drusbergstrasse","ZH",760,2687706,1234339,490,,2220,"S0","H12","Wohngebiete","A1","Städtisch","Hintergrund","offen","&lt; 5&apos;000",
1115,"8810_0050","8810_0050","Horgen","Kummrütistrasse","ZH",761,2687559,1234159,520,,2221,"S0","H12","Wohngebiete","A1","Städtisch","Hintergrund","offen","&lt; 5&apos;000",
1116,"8810_0040","8810_0040","Horgen","Mythenstrasse","ZH",762,2687443,1234084,550,,2222,"S22","H11","Randzonen","A1","Städtisch","Verkehr","offen","5&apos;000 - 20&apos;000",
1117,"8810_0080","8810_0080","Horgen","Schärbächlistrasse","ZH",763,2688024,1234836,420,,2223,"S12","H12","Wohngebiete","A1","Städtisch","Hintergrund","einseitig offen","5&apos;000 - 20&apos;000",
1118,"8810_0070","8810_0070","Horgen","Steinbruchstrasse","ZH",764,2687955,1234591,450,,2224,"S0","H13","Zentrum","A1","Städtisch","Hintergrund","offen","&lt; 5&apos;000",
1119,"8102_0010","8102_0010","Oberengstringen","Zürcherstrasse 21","ZH",765,2678522,1251005,428,,2225,"S12","H22","Wohngebiete","A2","Städtisch","Verkehr","offen","5&apos;000 - 20&apos;000",
1136,"8105_0050","8105_0050","Regensdorf","Dorfstrasse","ZH",782,2678415,1254834,442,,2304,"S0","H12","Wohngebiete","A2","Vorstädtisch","Verkehr","einseitig offen","5&apos;000 - 20&apos;000",
1137,"8105_0040","8105_0040","Regensdorf","Weiningerstrasse","ZH",783,2677188,1253459,492,,2243,"S0","H11","Randzonen","A2","Vorstädtisch","Verkehr","keine","5&apos;000 - 20&apos;000",
1139,"8400_0260","8400_0260","Winterthur","Frauenfelderstrasse","ZH",785,2699387,1262562,456,,2245,"S22","H22","Wohngebiete","A2","Städtisch","Verkehr","offen","20&apos;000 - 50&apos;000",
1140,"8400_0360","8400_0360","Winterthur","Kanzleistrasse","ZH",786,2699708,1259976,464,,2246,"S22","H22","Wohngebiete","A2","Städtisch","Verkehr","einseitig offen","20&apos;000 - 50&apos;000",
1141,"8400_0280","8400_0280","Winterthur","Lindstrasse","ZH",787,2696734,1262854,442,,2247,"S22","H22","Wohngebiete","A2","Städtisch","Verkehr","einseitig offen","20&apos;000 - 50&apos;000",
1142,"8400_0370","8400_0370","Winterthur","Metzggasse","ZH",788,2697128,1261699,441,,2248,"S0","H23","Zentrum","A2","Städtisch","Hintergrund","geschlossen","&lt; 5&apos;000",
1143,"8400_0340","8400_0340","Winterthur","Mühlestrasse","ZH",789,2697556,1261462,443,,2249,"S00","H22","Wohngebiete","A2","Vorstädtisch","Hintergrund","offen","&lt; 5&apos;000",
1144,"8400_0290","8400_0290","Winterthur","Neuwiesenstrasse","ZH",790,2696677,1262197,436,,2250,"S22","H22","Wohngebiete","A2","Städtisch","Verkehr","einseitig offen","20&apos;000 - 50&apos;000",
1145,"8400_0330","8400_0330","Winterthur","St. Gallerstrasse 2","ZH",791,2697547,1261637,444,,2251,"S22","H22","Wohngebiete","A2","Städtisch","Verkehr","einseitig offen","20&apos;000 - 50&apos;000",
1146,"8400_0350","8400_0350","Winterthur","St. Gallerstrasse 39","ZH",792,2697924,1261652,446,,2252,"S22","H22","Wohngebiete","A2","Städtisch","Verkehr","einseitig offen","5&apos;000 - 20&apos;000",
1147,"8400_0320","8400_0320","Winterthur","Terrassenweg","ZH",793,2693765,1263594,426,,2253,"S0","H21","Randzonen","A2","Vorstädtisch","Hintergrund","offen","&lt; 5&apos;000",
1148,"8400_0310","8400_0310","Winterthur","Wülflingerstrasse 393","ZH",794,2693540,1263540,409,,2254,"S22","H21","Randzonen","A2","Vorstädtisch","Verkehr","einseitig offen","20&apos;000 - 50&apos;000",
1149,"8400_0300","8400_0300","Winterthur","Zürcherstrasse","ZH",795,2696252,1261509,439,,2255,"S22","H22","Wohngebiete","A2","Städtisch","Verkehr","einseitig offen","20&apos;000 - 50&apos;000",
1151,"Mei_Bezirksgericht","8706_0020","Meilen","Bezirksgericht","ZH",797,2691909,1235880,423,,2257,"S0","H13","Zentrum","A2","Städtisch","Hintergrund","offen","5&apos;000 - 20&apos;000",
1153,"Bul_Stadthalle","8180_0020","Bülach","Stadthalle","ZH",808,2682598,1263398,406,,2263,"S0","H12","Wohngebiete","A2","Vorstädtisch","Hintergrund","einseitig offen","&lt; 5&apos;000",
1154,"Klo_Gerlisbergstrasse","8302_0060","Kloten","Gerlisbergstrasse","ZH",906,2686430,1256533,440,,2271,"S0","H13","Zentrum","A2","Städtisch","Verkehr","einseitig offen","&lt; 5&apos;000",
1155,"8303_0010","8303_0010","Bassersdorf","Bachstrasse","ZH",804,2689307,1255529,455,,2260,"S12","H12","Wohngebiete","A2","Vorstädtisch","Verkehr","einseitig offen","5&apos;000 - 20&apos;000",
1156,"8180_0050","8180_0050","Bülach","Allmendstrasse","ZH",805,2682112,1263005,434,,2261,"S22","H11","Randzonen","A2","Vorstädtisch","Verkehr","einseitig offen","20&apos;000 - 50&apos;000",
1157,"8180_0030","8180_0030","Bülach","Gewerbe Feldermösli","ZH",806,2682973,1262784,414,,2262,"S0","H12","Wohngebiete","A2","Vorstädtisch","Industrie","einseitig offen","&lt; 5&apos;000",
1158,"8180_0040","8180_0040","Bülach","Glashütte","ZH",809,2682819,1264408,433,,2264,"S0","H12","Wohngebiete","A2","Vorstädtisch","Hintergrund","einseitig offen","5&apos;000 - 20&apos;000",
1159,"8180_0060","8180_0060","Bülach","Lindenhof","ZH",810,2682816,1263794,430,,2265,"S0","H13","Zentrum","A2","Vorstädtisch","Hintergrund","einseitig offen","5&apos;000 - 20&apos;000",
1160,"8953_0030","8953_0030","Dietikon","Badenerstrasse","ZH",811,2672485,1250960,391,,2266,"S12","H12","Wohngebiete","A2","Städtisch","Verkehr","einseitig offen","5&apos;000 - 20&apos;000",
1161,"8305_0010","8305_0010","Dietlikon","Gemeindehaus","ZH",812,2688998,1253335,402,,2267,"S12","H13","Zentrum","A2","Vorstädtisch","Verkehr","einseitig offen","5&apos;000 - 20&apos;000",
1162,"8604_0010","8604_0010","Hegnau","Kreisel","ZH",813,2693508,1249425,459,,2268,"S12","H11","Randzonen","A2","Vorstädtisch","Verkehr","einseitig offen","5&apos;000 - 20&apos;000",
1163,"8913_0040","8913_0040","Ottenbach","Bibelaas","ZH",814,2672489,1236903,383,,2270,"S0","H00",,"A2","Ländlich","Hintergrund","offen","&lt; 5&apos;000",
1181,"8306_0010","8306_0010","Brüttisellen","Haldenstrasse","ZH",856,2689893,1252918,443,,2326,"S0","H12","Wohngebiete","A2","Vorstädtisch","Verkehr","einseitig offen","&lt; 5&apos;000",
1182,"8157_0010","8157_0010","Dielsdorf","Wehntalerstrasse","ZH",855,2676479,1259551,455,,2325,"S12","H13","Zentrum","A2","Vorstädtisch","Verkehr","einseitig offen","5&apos;000 - 20&apos;000",
1189,"Klo_Feld","8302_0070","Kloten","Feld","ZH",968,2686370,1256639,440,,2464,"S0","H22","Wohngebiete","A2","Vorstädtisch","Hintergrund","keine","&lt; 5&apos;000",
1190,"8934_0060","8934_0060","Knonau","Ägelsee","ZH",847,2675681,1232590,447,,2317,"S00","H00",,"A2","Ländlich","Hintergrund","keine","&lt; 5&apos;000",
1193,"8330_0020","8330_0020","Pfäffikon","Rappengasse","ZH",844,2701487,1246996,384,,2314,"S0","H13","Zentrum","A2","Vorstädtisch","Hintergrund","geschlossen","&lt; 5&apos;000",
1197,"8488_0020","8488_0020","Turbenthal","Tablat","ZH",840,2707669,1252229,646,,2310,"S00","H00",,"A2","Ländlich","Hintergrund","keine","&lt; 5&apos;000",
1198,"Ust_Bildungszentrum","8610_0030","Uster","Bildungszentrum","ZH",839,2695829,1244930,454,,2309,"S0","H21","Randzonen","A2","Vorstädtisch","Hintergrund","offen","&lt; 5&apos;000",
1199,"8620_0080","8620_0080","Wetzikon","Robenhuserriet","ZH",838,2701988,1243514,538,,2308,"S00","H00",,"A2","Ländlich","Hintergrund","keine","&lt; 5&apos;000",
1200,"8400_0400","8400_0400","Winterthur","Haltestelle Hegi","ZH",837,2700217,1262011,460,,2307,"S12","H21","Randzonen","A2","Vorstädtisch","Verkehr","offen","5&apos;000 - 20&apos;000",
1201,"Win_Neuhegi","8400_0390","Winterthur","Neuhegi","ZH",836,2700093,1262210,459,,2306,"S0","H21","Randzonen","A2","Städtisch","Hintergrund","offen","&lt; 5&apos;000",
1202,"8400_0380","8400_0380","Winterthur","Seenerstrasse","ZH",835,2699700,1262050,452,,2305,"S13","H21","Randzonen","A2","Städtisch","Verkehr","offen","5&apos;000 - 20&apos;000",
1241,"Aff_Islisberg","8910_0170","Affoltern","Islisberg","ZH",897,2674876,1238892,475,,2372,"S23","H00",,"A2","Ländlich","Verkehr","geschlossen","20&apos;000 - 50&apos;000",
1242,"8058_0010","8058_0010","Kloten","Flughafen Airside","ZH",898,2685175,1256475,465,,2373,"S0","H21","Randzonen","A2","Vorstädtisch","Verkehr","einseitig offen","&lt; 5&apos;000",
1243,"8058_0020","8058_0020","Kloten","Flughafen Landside","ZH",899,2685175,1256475,465,,2374,"S0","H21","Randzonen","A2","Vorstädtisch","Verkehr","einseitig offen","&lt; 5&apos;000",
1244,"8058_0030","8058_0030","Kloten","Flughafen Terminal A","ZH",900,2684300,1256500,440,,2375,"S0","H21","Randzonen","A2","Vorstädtisch","Verkehr","einseitig offen","&lt; 5&apos;000",
1246,"Reg_Gubrist","8105_0060","Regensdorf","Gubrist-Tunnel","ZH",902,2678796,1253093,449,,2377,"S33","H00",,"A2","Vorstädtisch","Verkehr","geschlossen","&gt; 50&apos;000",
1248,"Wei_Gubrist","8104_0060","Weiningen","Gubrist-Tunnel","ZH",904,2675892,1252279,410,,2379,"S33","H00",,"A2","Vorstädtisch","Verkehr","geschlossen","&gt; 50&apos;000",
1249,"Wet_Islisberg","8907_0130","Wettswil","Islisberg","ZH",905,2677119,1243022,531,,2380,"S23","H00",,"A2","Ländlich","Verkehr","geschlossen","20&apos;000 - 50&apos;000",
1251,"8106_0010","8106_0010","Adlikon b. R.","Breitestrasse","ZH",914,2677346,1255894,433,,2382,"S11","H11","Randzonen","A2","Vorstädtisch","Verkehr","offen","20&apos;000 - 50&apos;000",
1252,"8134_0010","8134_0010","Adliswil","Grütstrasse","ZH",915,2682820,1241474,478,,2384,"S22","H11","Randzonen","A2","Vorstädtisch","Verkehr","einseitig offen","20&apos;000 - 50&apos;000",
1253,"8953_0040","8953_0040","Dietikon","Kronenplatz","ZH",916,2672591,1250968,391,,2385,"S12","H23","Zentrum","A2","Städtisch","Verkehr","einseitig offen","5&apos;000 - 20&apos;000",
1254,"8451_0010","8451_0010","Kleinandelfingen","Trottenweg","ZH",917,2693600,1272807,365,,2383,"S0","H13","Zentrum","A2","Ländlich","Verkehr","geschlossen","&lt; 5&apos;000",
1265,"8173_0010","8173_0010","Neerach","Turpenlöcher","ZH",928,2678574,1262079,409,,2396,"S0","H00",,"A2","Ländlich","Hintergrund","keine","&lt; 5&apos;000",
1267,"8475_0010","8475_0010","Ossingen","Dachsenhuserriet","ZH",930,2694191,1275542,410,,2398,"S0","H00",,"A2","Ländlich","Verkehr","keine","5&apos;000 - 20&apos;000",
1272,"8195_0010","8195_0010","Wasterkingen","Büelhalden","ZH",935,2677272,1271915,427,,2403,"S00","H00",,"A2","Ländlich","Hintergrund","keine","&lt; 5&apos;000",
1273,"8620_0090","8620_0090","Wetzikon","Seeriet","ZH",936,2701636,1244049,538,,2404,"S00","H00",,"A2","Ländlich","Hintergrund","keine","&lt; 5&apos;000",
1274,"8400_0410","8400_0410","Winterthur","Hoh Wülflingen","ZH",937,2693935,1261383,516,,2405,"S0","H00",,"A2","Ländlich","Hintergrund","keine","&lt; 5&apos;000",
1282,"8700_0020","8700_0020","Küsnacht","Seestrasse","ZH",947,2686256,1241411,412,,2416,"S13","H13","Zentrum","A2","Vorstädtisch","Verkehr","geschlossen","20&apos;000 - 50&apos;000",
1284,"8330_0030","8330_0030","Pfäffikon","Hochstrasse","ZH",949,2701733,1246944,550,,2418,"S12","H13","Zentrum","A2","Vorstädtisch","Verkehr","einseitig offen","5&apos;000 - 20&apos;000",
1285,"8105_0070","8105_0070","Regensdorf","Feldstrasse","ZH",950,2678120,1254544,441,,2419,"S12","H11","Randzonen","A2","Vorstädtisch","Verkehr","einseitig offen","5&apos;000 - 20&apos;000",
1289,"8104_0070","8104_0070","Weiningen","Zürcherstrasse","ZH",954,2675878,1252143,416,,2423,"S12","H11","Randzonen","A2","Vorstädtisch","Verkehr","einseitig offen","5&apos;000 - 20&apos;000",
1290,"8185_0010","8185_0010","Winkel","Niederrüti","ZH",955,2684108,1259212,436,,2424,"S0","H11","Randzonen","A2","Ländlich","Verkehr","offen","5&apos;000 - 20&apos;000",
1297,"8706_0030","8706_0030","Meilen","Fähre","ZH",962,2690839,1235940,409,,2432,"S12","H11","Randzonen","A2","Vorstädtisch","Verkehr","einseitig offen","5&apos;000 - 20&apos;000",
1298,"8820_0030","8820_0030","Wädenswil","Zugerstrasse","ZH",963,2693209,1231700,419,,2433,"S0","H23","Zentrum","A1","Städtisch","Verkehr","einseitig offen","&lt; 5&apos;000",
1300,"8000_1770","8000_1770","Zürich","Manessestrasse 34","ZH",967,2682011,1246986,415,,2440,"S22","H33","Zentrum","A2","Städtisch","Verkehr","einseitig offen","&gt; 50&apos;000",
1301,"8000_1490","8000_1490","Zürich","Wasserwerkstrasse 18","ZH",966,2683149,1248650,415,,2441,"S23","H33","Zentrum","A2","Städtisch","Verkehr","geschlossen","20&apos;000 - 50&apos;000",
1302,"8000_1050","8000_1050","Zürich","Seebahnstrasse 229","ZH",965,2681593,1248060,410,,2442,"S12","H33","Zentrum","A2","Städtisch","Verkehr","einseitig offen","5&apos;000 - 20&apos;000",
1309,"Bau_Oberstufenschulhaus",,"Bauma","Oberstufenschulhaus","ZH",975,2708970,1247320,640,,2451,"S0","H13","Zentrum","A3","Ländlich","Hintergrund","einseitig offen","&lt; 5&apos;000",
1312,"Wal_Feuerwehrdepot",,"Wald","Feuerwehrdepot","ZH",978,2711719,1236440,613,,2454,"S0","H11","Randzonen","A3","Ländlich","Hintergrund","einseitig offen","5&apos;000 - 20&apos;000",
1313,"Zch_Bullingerhof",,"Zürich","Bullingerhof","ZH",979,2681189,1248091,411,,2455,"S00","H32","Wohngebiete","A2","Städtisch","Hintergrund","geschlossen","&lt; 5&apos;000",
1314,"Brü_Säntis",,"Brütten","Säntisstrasse","ZH",980,2693324,1258946,630,,2456,"S0","H11","Randzonen","A2","Ländlich","Hintergrund","offen","&lt; 5&apos;000",
1315,"Zch_Aubrücke",,"Zürich","Aubrücke","ZH",981,2685497,1251608,427,,2457,"S00","H31","Randzonen","A2","Städtisch","Hintergrund","offen","&lt; 5&apos;000",
1319,"8000_2220","8000_2220","Zürich","Saatlenstrasse Unterführung","ZH",985,2685118,1251318,430,,2461,"S0","H32","Wohngebiete","A2","Städtisch","Hintergrund","offen","&lt; 5&apos;000",
1320,"8000_2230","8000_2230","Zürich","Überlandstrasse 200","ZH",986,2685435,1251641,425,,2462,"S00","H32","Wohngebiete","A2","Städtisch","Hintergrund","einseitig offen","&lt; 5&apos;000",
